"","school","year","study_id","contact1","contact2","contact3","contact4","contact5","contact6","contact1e","contact2e","contact3e","contact4e"
"1",1,1,1194,9001,9002,9003,9004,9005,9006,9007,NA,NA,NA
"2",1,1,1164,1163,1166,1165,9008,9009,NA,1163,9009,9010,NA
"3",1,1,1189,9011,1187,9012,1161,9013,9014,1154,9015,NA,NA
"4",1,1,1188,9016,9017,9018,9019,9012,1189,9020,1008,NA,NA
"5",1,1,1185,9021,1186,9022,9023,1190,NA,9024,9025,NA,NA
"6",1,1,1186,1185,9021,9022,1190,9026,9027,9028,NA,NA,NA
"7",1,1,1156,9029,9030,9031,9032,9033,9034,NA,NA,NA,NA
"8",1,1,1143,9003,9035,9036,9002,9037,1144,NA,NA,NA,NA
"9",1,1,1167,1159,9038,9039,9040,9041,9042,9043,9044,9045,NA
"10",1,1,1187,9011,1189,9046,9047,1161,9012,1188,9048,NA,NA
"11",1,1,1183,9049,9050,9051,NA,NA,NA,9052,9053,1104,9054
"12",1,1,1162,9042,1182,9056,1161,9057,1165,9058,1110,9059,1097
"13",1,1,1159,9055,1160,1167,9038,9040,9041,9043,NA,NA,NA
"14",1,1,1174,9061,9062,9063,9064,9065,9066,9067,1105,1024,9068
"15",1,1,1161,1189,9014,9046,9011,1162,1182,1058,1005,9060,9061
"16",1,1,1170,9066,9069,9070,9071,1169,1174,NA,NA,NA,NA
"17",1,1,1157,9072,9073,9022,9021,1193,9074,9075,9068,1107,NA
"18",1,1,1163,1164,9009,1166,NA,NA,NA,NA,NA,NA,NA
"19",1,1,1166,1165,9008,1164,1163,NA,NA,NA,NA,NA,NA
"20",1,1,1160,9055,9076,1161,1159,1166,9077,9078,9043,NA,NA
"21",1,1,1158,9079,9080,9081,9082,9083,9084,9085,9086,NA,NA
"22",1,1,1165,9008,1162,1166,9088,9057,9009,NA,NA,NA,NA
"23",1,1,1172,9089,1171,9090,9091,9092,9093,9094,9095,9096,9097
"24",1,1,1171,9098,1124,9099,NA,NA,NA,9100,9101,9102,NA
"25",1,1,1169,9103,9104,9105,1168,1149,1150,9106,9107,9108,NA
"26",1,1,1168,9105,1169,9103,1149,1150,1153,9109,9110,9032,9111
"27",1,1,1184,9112,9113,9114,1172,9115,9116,9117,NA,NA,NA
"28",1,1,1182,1161,1162,9076,9118,9119,9048,NA,NA,NA,NA
"29",1,1,1180,1175,9122,1179,9120,1177,9003,9122,NA,NA,NA
"30",1,1,1175,1179,1180,1177,1176,9120,9121,1179,1180,NA,NA
"31",1,1,1176,1175,9123,9124,9126,1180,1124,9122,1144,NA,NA
"32",1,1,1141,9129,9086,1145,9085,9130,9002,1158,9131,NA,NA
"33",1,1,1179,9105,1168,1177,1169,1180,1175,9132,9133,NA,NA
"34",1,1,1177,9120,1179,1180,9122,1175,NA,NA,NA,NA,NA
"35",1,1,1173,9134,1153,1168,1148,9135,1133,9117,NA,NA,NA
"36",1,1,1122,9064,9136,9137,9138,9139,1123,1159,9141,9142,NA
"37",1,1,1135,1136,1139,9143,9144,9145,9146,9147,NA,NA,NA
"38",1,1,1138,9148,9149,1145,1141,1136,1135,9150,9151,9152,1082
"39",1,1,1121,9153,9154,9155,9156,9157,9158,9153,9159,9160,NA
"40",1,1,1136,1135,9161,1139,9149,1137,1138,9147,9106,9110,NA
"41",1,1,1153,1173,9134,1148,1150,9105,1168,1185,NA,NA,NA
"42",1,1,1137,9149,1138,1136,9146,NA,NA,9163,9046,1157,NA
"43",1,1,1123,9136,1122,9138,9164,9137,9064,9165,9166,NA,NA
"44",1,1,1147,1144,9167,1140,9168,9086,NA,NA,NA,NA,NA
"45",1,1,1144,1147,1143,1140,9169,9167,9002,9003,9170,9167,1176
"46",1,1,1155,9171,1089,1044,1045,9172,1007,9173,NA,NA,NA
"47",1,1,1149,1148,1150,9103,1153,9174,9175,9176,NA,NA,NA
"48",1,1,1128,9179,9180,1120,9177,1129,9178,NA,NA,NA,NA
"49",1,1,1129,9177,9178,1128,9179,1134,NA,NA,NA,NA,NA
"50",1,1,1133,9101,9135,9155,1171,9181,NA,NA,NA,NA,NA
"51",1,1,1148,1150,1153,1173,1149,NA,NA,NA,NA,NA,NA
"52",1,1,1146,9137,9138,9136,9182,9064,1123,1052,9183,NA,NA
"53",1,1,1145,1146,1141,9037,9002,1150,1143,9184,9185,9186,9076
"54",1,1,1140,1140,1147,1144,9168,9169,9086,9167,9187,1109,1096
"55",1,1,1131,1120,9180,1130,9188,9189,9061,1018,NA,NA,NA
"56",1,1,1134,1129,9178,9177,9190,9191,NA,9023,NA,NA,NA
"57",1,1,1127,1127,1125,9156,9192,1126,9193,9157,NA,NA,NA
"58",1,1,1126,1125,1127,9157,9156,9193,9192,1068,9194,NA,NA
"59",1,1,1125,1127,1126,9193,9192,NA,NA,NA,NA,NA,NA
"60",1,1,1139,1135,9197,9198,1136,9103,1168,NA,NA,NA,NA
"61",1,1,1130,9195,1120,9061,9188,1131,9196,9194,NA,NA,NA
"62",1,1,1151,1152,9130,9161,9199,1149,9168,NA,NA,NA,NA
"63",1,1,1119,1117,9203,9204,9205,1081,1060,9207,9210,9211,9212
"64",1,1,1117,9203,1119,9204,9205,1074,NA,9206,9207,9208,9209
"65",1,1,1150,1149,1148,9174,9103,9123,1153,9202,9176,NA,NA
"66",1,1,1154,1106,1100,1093,9015,9201,1107,9046,1189,1157,NA
"67",1,1,1120,9188,1130,1128,9179,9180,1131,1009,NA,NA,NA
"68",1,1,1124,9098,9064,9136,9139,9200,9099,NA,NA,NA,NA
"69",1,1,1152,1151,1148,1149,1150,9130,9161,NA,NA,NA,NA
"70",1,1,1098,1105,9213,1110,1115,1096,1057,9214,9215,9098,NA
"71",1,1,1109,1111,1110,1108,1096,1098,9216,9215,9217,9168,NA
"72",1,1,1097,1113,1115,1057,1110,9218,1096,9219,9220,NA,NA
"73",1,1,1096,1098,1105,9221,9213,9059,1113,9215,9098,1140,1162
"74",1,1,1063,1064,1052,9357,9220,9356,9358,9138,NA,NA,NA
"75",1,1,1064,9303,9356,9357,9220,9358,1063,9359,9003,1116,NA
"76",1,1,1076,1080,1011,1018,1069,1059,1016,9059,NA,NA,NA
"77",1,1,1078,1059,9303,9110,1071,1010,9293,NA,NA,NA,NA
"78",1,1,1061,9360,1046,9067,9361,9362,9283,9363,NA,NA,NA
"79",1,1,1059,9309,1032,1076,1078,9364,1074,9309,9364,1074,NA
"80",1,1,1077,1078,9293,1071,9237,1014,1010,NA,NA,NA,NA
"81",1,1,1073,1002,9219,1017,1074,NA,NA,9353,9354,9355,NA
"82",1,1,1035,1048,9290,9015,1154,NA,NA,9352,NA,NA,NA
"83",1,1,1009,1021,9346,9347,9348,9349,1001,1120,9350,9351,NA
"84",1,1,1082,1003,1080,9020,1008,9152,NA,9345,9149,NA,NA
"85",1,1,1060,9365,9343,9253,9366,9367,9368,9212,9210,NA,NA
"86",1,1,1080,1075,1076,1070,1069,1018,1011,1104,9052,9054,9061
"87",1,1,1081,9347,1119,9205,9358,NA,NA,9351,9355,9353,9095
"88",1,1,1075,1080,1070,1076,1011,1069,1018,9350,9052,1104,9054
"89",1,1,1083,1020,1023,1022,1032,9264,1033,9032,9207,NA,NA
"90",1,1,1067,9308,1029,9307,1016,1068,1066,NA,NA,NA,NA
"91",1,1,1074,9364,9369,9337,9336,9173,1073,9328,9355,9370,9208
"92",1,1,1069,1076,1011,1018,9293,1070,1080,9218,NA,NA,NA
"93",1,1,1045,1004,9331,1044,1026,9171,1155,NA,NA,NA,NA
"94",1,1,1031,1079,1041,1042,9289,1014,1066,9371,NA,NA,NA
"95",1,1,1085,1086,1084,9024,9106,9108,9107,9158,NA,NA,NA
"96",1,1,1016,9308,9372,1029,1066,1068,1067,1100,NA,NA,NA
"97",1,1,1065,1053,9283,1012,9251,9230,9067,9230,9206,NA,NA
"98",1,1,1068,1066,1067,1029,1016,9308,1010,NA,NA,NA,NA
"99",1,1,1066,1068,1031,9308,1067,1016,1029,NA,NA,NA,NA
"100",1,1,1062,9087,9342,9344,9318,NA,NA,NA,NA,NA,NA
"101",1,1,1001,1012,9343,9251,9280,1043,1009,NA,NA,NA,NA
"102",1,1,1030,9341,1006,1024,NA,NA,NA,9321,9342,9320,NA
"103",1,1,1013,1015,9334,9335,9309,9336,9337,9338,9339,9133,9340
"104",1,1,1014,1042,1031,1079,1041,9289,9332,9333,NA,NA,NA
"105",1,1,1004,1004,1044,1045,9331,1026,9171,1155,1029,NA,NA
"106",1,1,1011,1075,1069,1018,1076,9293,1080,NA,NA,NA,NA
"107",1,1,1051,9075,1049,9292,9287,1087,9257,NA,NA,NA,NA
"108",1,1,1086,9107,9291,9106,9108,1085,NA,NA,NA,NA,NA
"109",1,1,1084,1085,1086,9024,9290,9102,9106,NA,NA,NA,NA
"110",1,1,1042,1041,9219,1014,1079,1031,9289,NA,NA,NA,NA
"111",1,1,1089,1110,1155,1113,9171,9256,1111,1162,NA,NA,NA
"112",1,1,1049,9287,1051,9260,9288,NA,NA,NA,NA,NA,NA
"113",1,1,1018,1070,1011,1069,1076,1080,1075,NA,NA,NA,NA
"114",1,1,1091,9223,1039,1116,9172,NA,NA,9284,9285,9286,NA
"115",1,1,1032,1023,1070,1020,1059,1083,9151,1023,NA,NA,NA
"116",1,1,1043,1001,9251,9280,9281,9282,1065,1001,9281,9283,9251
"117",1,1,1028,9222,1027,1025,1026,1113,1057,9220,NA,NA,NA
"118",1,1,1034,9277,1037,9278,9059,9269,1024,9227,9228,9279,NA
"119",1,1,1007,1058,1092,1093,1108,1111,9274,9144,9275,9276,9064
"120",1,1,1115,1057,1113,1096,1097,9213,9059,9220,1162,9219,9215
"121",1,1,1025,1027,1028,9222,1026,1113,1115,NA,NA,NA,NA
"122",1,1,1106,1154,1107,9201,1100,9273,9102,9026,1157,NA,NA
"123",1,1,1107,1154,1100,9272,1090,1058,1106,9046,NA,NA,NA
"124",1,1,1092,1110,1007,1058,1155,1108,9218,9271,9029,NA,NA
"125",1,1,1094,1095,1112,1103,1108,9268,9269,9152,1082,9151,9270
"126",1,1,1095,1094,1103,1112,1108,NA,NA,9267,NA,NA,NA
"127",1,1,1054,1154,1005,9015,1106,9201,9266,NA,NA,NA,NA
"128",1,1,1044,9171,1045,1004,1026,1155,9265,NA,NA,NA,NA
"129",1,1,1033,1023,1022,1020,1032,9264,1083,NA,NA,NA,NA
"130",1,1,1038,9256,9257,9258,9259,9260,1098,9261,9262,9263,NA
"131",1,1,1012,9251,9252,1001,9253,1046,NA,9254,9255,NA,NA
"132",1,1,1101,9059,1096,9212,9226,9248,1024,9249,1053,9250,NA
"133",1,1,1093,1007,1154,1058,1108,1100,1092,9245,9246,9247,9132
"134",1,1,1100,1099,9015,1154,1107,1106,9201,1016,NA,NA,NA
"135",1,1,1099,1100,9201,1093,9015,1154,1106,9244,NA,NA,NA
"136",1,1,1113,1057,1115,1097,1110,9213,1096,9220,1162,9215,NA
"137",1,1,1104,9054,9238,9241,NA,NA,NA,9052,9243,9235,1183
"138",1,1,1102,9238,1111,9239,9240,1104,9054,9242,NA,NA,NA
"139",1,1,1108,1111,1094,1007,1058,1095,1093,1021,9235,9236,9237
"140",1,1,1114,1056,9224,9230,9225,9231,9232,9233,9234,NA,NA
"141",1,1,1058,1007,1092,1093,1107,1111,1108,9157,9060,9193,NA
"142",1,1,1111,1109,1110,9059,1108,1096,9216,9215,9217,1162,NA
"143",1,1,1112,1094,1095,1103,1111,1108,9226,9227,9215,9228,9229
"144",1,1,1110,1111,1089,1098,1113,9059,1109,1162,9058,9042,9056
"145",1,1,1056,1101,1114,9224,9225,9059,1024,NA,NA,NA,NA
"146",1,1,1116,1039,9223,1091,NA,NA,NA,1064,NA,NA,NA
"147",1,1,1057,1113,1115,1093,1098,9213,9222,9220,NA,NA,NA
"148",1,1,1105,1098,9213,1096,1057,9059,1056,1174,9098,NA,NA
"149",1,1,1052,9301,9302,1053,1063,9303,NA,NA,NA,NA,NA
"150",1,1,1037,9297,9298,1087,1034,NA,NA,9095,9299,9300,NA
"151",1,1,1020,1083,1022,1033,1023,1032,9264,NA,NA,NA,NA
"152",1,1,1050,9075,9248,9295,9291,9257,9296,NA,NA,NA,NA
"153",1,1,1046,9280,9067,9282,9281,9314,9283,9315,NA,NA,NA
"154",1,1,1002,9310,9311,9312,1073,9219,9308,9218,NA,NA,NA
"155",1,1,1087,9297,1037,9075,1051,9287,9257,NA,NA,NA,NA
"156",1,1,1024,9277,1056,1034,1045,NA,NA,1101,9313,NA,NA
"157",1,1,1029,1067,9307,9308,9309,1016,1068,1004,NA,NA,NA
"158",1,1,1040,9304,9305,9306,1088,NA,NA,NA,NA,NA,NA
"159",1,1,1055,9326,9327,9224,9225,9328,9329,9330,NA,NA,NA
"160",1,1,1022,1083,1023,1021,9151,9264,1033,9146,NA,NA,NA
"161",1,1,1048,1035,9290,9015,9102,NA,NA,NA,NA,NA,NA
"162",1,1,1006,9212,9313,9269,9232,9278,9325,NA,NA,NA,NA
"163",1,1,1023,1022,1083,1020,1032,1033,1021,NA,NA,NA,NA
"164",1,1,1039,1091,1116,9223,9213,9172,NA,9324,NA,NA,NA
"165",1,1,1088,9305,9304,9306,1040,1084,9024,9275,9323,NA,NA
"166",1,1,1036,9316,9317,9318,9319,9320,9321,9322,9212,NA,NA
"167",1,1,1010,1066,1068,9308,1067,1016,1029,NA,NA,NA,NA
"168",1,1,1008,9020,1082,1003,9309,1059,NA,NA,NA,NA,NA
"169",1,1,1079,1031,1042,1041,1014,9289,9205,9383,NA,NA,NA
"170",1,1,1070,1018,1020,1075,1080,1032,1069,9200,9061,NA,NA
"171",1,1,1071,9309,1010,1078,9110,9237,NA,9293,9382,9298,NA
"172",1,1,1015,9336,9335,9369,1013,1071,9173,9380,9146,9381,NA
"173",1,1,1041,1042,1031,1079,9219,1014,9289,NA,NA,NA,NA
"174",1,1,1003,9020,1082,1008,1080,9379,1070,9350,1104,NA,NA
"175",1,1,1005,1154,9290,9015,9102,1093,9176,9377,9378,NA,NA
"176",1,1,1017,9347,9219,1073,1021,9220,9348,9376,NA,NA,NA
"177",1,1,1027,1025,9222,1028,1115,1026,1034,NA,NA,NA,NA
"178",1,1,1021,1009,9347,9346,1033,1022,9237,9235,1108,NA,NA
"179",1,1,1053,1065,9361,9301,9367,1052,9314,9250,9249,9376,9182
"180",1,1,1090,1107,9374,9375,1058,1007,1154,NA,NA,NA,NA
"181",1,1,1047,9248,9291,9212,1111,9296,1101,NA,NA,NA,NA
"182",1,1,1026,1027,1044,1045,1004,9331,9171,9373,NA,NA,NA
"183",1,1,1103,1095,1094,1112,1108,NA,NA,NA,NA,NA,NA
"184",2,1,590,591,548,NA,NA,NA,NA,214,215,216,NA
"185",2,1,579,576,107,108,109,577,575,110,111,NA,NA
"186",2,1,589,570,100,101,102,103,104,105,106,NA,NA
"187",2,1,551,588,188,183,124,541,552,233,234,231,232
"188",2,1,550,128,560,553,501,117,205,229,230,NA,NA
"189",2,1,560,558,115,NA,501,160,NA,226,227,228,NA
"190",2,1,552,121,541,183,NA,NA,NA,NA,NA,NA,NA
"191",2,1,576,579,577,542,109,575,533,224,225,NA,NA
"192",2,1,577,575,210,576,579,196,571,223,NA,NA,NA
"193",2,1,531,NA,NA,NA,NA,NA,NA,NA,NA,NA,NA
"194",2,1,562,124,545,557,182,544,185,240,241,242,243
"195",2,1,556,554,534,144,139,127,575,238,239,NA,NA
"196",2,1,558,560,115,542,178,572,173,237,NA,NA,NA
"197",2,1,554,127,556,534,139,144,575,235,503,529,236
"198",2,1,573,155,198,547,156,140,114,NA,NA,NA,NA
"199",2,1,591,590,NA,NA,NA,NA,NA,220,221,222,NA
"200",2,1,574,570,199,100,102,561,589,NA,NA,NA,NA
"201",2,1,578,123,208,197,206,537,204,NA,NA,NA,NA
"202",2,1,575,534,573,576,156,547,577,217,218,219,NA
"203",2,1,500,246,247,145,590,591,561,244,245,NA,NA
"204",2,1,545,124,544,557,568,171,NA,259,NA,NA,NA
"205",2,1,544,545,124,171,568,557,NA,258,NA,NA,NA
"206",2,1,546,159,115,205,160,141,164,229,255,256,257
"207",2,1,543,149,177,150,176,166,162,251,252,253,254
"208",2,1,537,561,248,161,106,249,250,561,106,248,NA
"209",2,1,542,558,572,178,535,173,157,266,225,NA,NA
"210",2,1,548,562,590,591,138,120,192,264,265,508,NA
"211",2,1,541,552,183,588,121,260,261,260,262,263,NA
"212",2,1,547,155,156,198,575,164,573,267,268,NA,NA
"213",2,1,568,557,171,545,544,124,188,226,280,281,NA
"214",2,1,569,180,107,167,189,103,200,279,NA,NA,NA
"215",2,1,570,173,101,199,104,102,103,278,257,NA,NA
"216",2,1,563,564,149,209,540,212,565,NA,NA,NA,NA
"217",2,1,501,560,566,272,162,541,273,274,275,276,277
"218",2,1,535,153,542,178,572,558,173,269,270,536,271
"219",2,1,572,178,542,558,535,566,153,284,NA,NA,NA
"220",2,1,571,210,196,577,572,566,NA,282,283,NA,NA
"221",2,1,565,150,148,122,189,187,212,287,257,NA,NA
"222",2,1,564,563,119,132,136,187,152,288,289,290,291
"223",2,1,566,178,501,572,153,162,571,292,293,294,NA
"224",2,1,553,NA,NA,NA,NA,NA,NA,NA,NA,NA,NA
"225",2,1,561,113,202,161,130,213,147,305,NA,NA,NA
"226",2,1,557,NA,NA,NA,NA,NA,NA,NA,NA,NA,NA
"227",2,1,549,146,135,537,179,156,123,NA,NA,NA,NA
"228",2,1,555,187,176,151,149,177,132,303,304,503,302
"229",2,1,533,137,542,119,190,205,576,225,266,300,301
"230",2,1,540,209,149,187,132,143,136,298,299,297,NA
"231",2,1,534,556,144,139,554,127,NA,232,218,295,296
"232",2,1,588,NA,NA,NA,NA,NA,NA,NA,NA,NA,NA
"233",2,1,536,NA,NA,NA,NA,NA,NA,NA,NA,NA,NA
"234",2,1,503,NA,NA,NA,NA,NA,NA,NA,NA,NA,NA
"235",2,1,504,NA,NA,NA,NA,NA,NA,NA,NA,NA,NA
"236",2,1,530,NA,NA,NA,NA,NA,NA,NA,NA,NA,NA
"237",2,1,529,NA,NA,NA,NA,NA,NA,NA,NA,NA,NA
"238",2,1,528,NA,NA,NA,NA,NA,NA,NA,NA,NA,NA
"239",2,1,527,NA,NA,NA,NA,NA,NA,NA,NA,NA,NA
"240",2,1,526,NA,NA,NA,NA,NA,NA,NA,NA,NA,NA
"241",2,1,525,NA,NA,NA,NA,NA,NA,NA,NA,NA,NA
"242",2,1,522,NA,NA,NA,NA,NA,NA,NA,NA,NA,NA
"243",2,1,523,NA,NA,NA,NA,NA,NA,NA,NA,NA,NA
"244",2,1,506,NA,NA,NA,NA,NA,NA,NA,NA,NA,NA
"245",2,1,507,NA,NA,NA,NA,NA,NA,NA,NA,NA,NA
"246",2,1,505,NA,NA,NA,NA,NA,NA,NA,NA,NA,NA
"247",2,1,508,NA,NA,NA,NA,NA,NA,NA,NA,NA,NA
"248",2,1,510,NA,NA,NA,NA,NA,NA,NA,NA,NA,NA
"249",2,1,509,NA,NA,NA,NA,NA,NA,NA,NA,NA,NA
"250",1,2,1288,6003,6072,6051,6158,NA,NA,NA,NA,NA,NA
"251",1,2,1267,6051,6073,6075,1447,NA,NA,NA,NA,NA,NA
"252",1,2,1289,1282,6074,1270,6159,1267,1284,NA,NA,NA,NA
"253",1,2,1270,1289,1282,6074,6159,1281,1269,NA,NA,NA,NA
"254",1,2,1285,1345,6075,6051,1447,6073,1240,6234,NA,NA,NA
"255",1,2,1284,6004,1270,1269,6159,1282,6013,NA,NA,NA,NA
"256",1,2,1269,6005,1281,1284,6121,1270,6004,1414,NA,NA,NA
"257",1,2,1281,1269,6005,6121,1284,1282,1270,NA,NA,NA,NA
"258",1,2,1302,6006,6076,6122,6160,NA,NA,NA,NA,NA,NA
"259",1,2,1283,1268,1299,1286,6161,NA,NA,NA,NA,NA,NA
"260",1,2,1286,1299,1268,1283,6161,NA,NA,6235,NA,NA,NA
"261",1,2,1268,1299,1283,1286,6161,6184,NA,1399,NA,NA,NA
"262",1,2,1299,1268,1283,1286,NA,NA,NA,NA,NA,NA,NA
"263",1,2,1300,6007,6077,6123,6104,1448,6049,6059,NA,NA,NA
"264",1,2,1274,1233,1242,1227,1278,1287,NA,6236,NA,NA,NA
"265",1,2,1297,6008,1274,1457,1280,1273,NA,6237,6281,6300,NA
"266",1,2,1304,1264,6013,6124,6078,6009,1291,1294,6021,NA,NA
"267",1,2,1291,6009,6078,6013,1264,1304,6124,6238,NA,NA,NA
"268",1,2,1275,6010,6049,6104,6162,NA,NA,NA,NA,NA,NA
"269",1,2,1273,6011,6008,1297,1457,1274,1280,6239,NA,NA,NA
"270",1,2,1457,6012,6034,1280,1274,6185,1297,1436,6280,NA,NA
"271",1,2,1264,6013,6078,1291,6124,1304,6009,6238,NA,NA,NA
"272",1,2,1280,6014,6069,1457,6076,6186,NA,6228,NA,NA,NA
"273",1,2,1277,6015,1344,6125,1298,6031,6126,6240,6282,NA,NA
"274",1,2,1298,6016,1277,6126,6163,6015,6125,NA,NA,NA,NA
"275",1,2,1303,1275,6049,6104,1274,1291,1264,NA,NA,NA,NA
"276",1,2,1305,1295,1309,6018,1254,1312,1301,NA,NA,NA,NA
"277",1,2,1309,6017,1295,1305,1312,1254,1301,NA,NA,NA,NA
"278",1,2,1312,6018,1301,1305,1309,6187,1295,NA,NA,NA,NA
"279",1,2,1310,1295,1245,1249,6085,1305,6212,6241,6243,6301,1302
"280",1,2,1296,1258,6070,6039,1245,6085,NA,1213,NA,NA,NA
"281",1,2,1265,1293,6079,6087,1248,1292,6213,NA,NA,NA,NA
"282",1,2,1311,1306,1293,1265,1295,6188,6133,6242,6229,6230,6302
"283",1,2,1306,1311,1295,NA,NA,NA,NA,6229,6230,6302,NA
"284",1,2,1197,6019,6080,6127,6164,6086,6117,6186,6050,6151,1210
"285",1,2,1301,1305,1312,6017,6018,1295,1254,6243,NA,NA,NA
"286",1,2,1307,6020,1260,1251,1256,6023,1255,6230,6283,NA,NA
"287",1,2,1294,1458,6071,6128,6165,2147,1276,6153,NA,NA,NA
"288",1,2,1257,1260,1256,6129,1255,6114,6020,NA,NA,NA,NA
"289",1,2,1255,1307,1403,1260,6129,1256,6020,NA,NA,NA,NA
"290",1,2,1258,NA,6081,6130,1254,1308,1254,6163,NA,NA,NA
"291",1,2,1256,6020,1260,1251,1257,6020,1307,1221,6283,NA,NA
"292",1,2,1308,6021,6082,6131,NA,NA,NA,NA,NA,NA,NA
"293",1,2,1246,1251,6083,6114,6166,NA,NA,NA,NA,NA,NA
"294",1,2,1276,2147,1458,1294,6128,1292,1248,1278,NA,NA,NA
"295",1,2,1259,6022,6084,6132,6167,1306,1311,6193,NA,NA,NA
"296",1,2,1245,1249,6085,1295,NA,1305,NA,NA,NA,NA,NA
"297",1,2,1458,2147,1276,1294,6128,6071,6165,1441,NA,NA,NA
"298",1,2,1249,1245,6085,1295,1310,6017,1254,6203,NA,NA,NA
"299",1,2,1250,6023,6086,1251,6168,6020,1260,NA,NA,NA,NA
"300",1,2,1292,1248,6087,2147,1458,1276,6213,1272,6026,NA,NA
"301",1,2,1248,1292,6087,6133,2147,1265,6213,6058,6026,NA,NA
"302",1,2,1242,1233,1274,1227,1287,NA,NA,6150,NA,NA,NA
"303",1,2,1252,6024,6012,6014,6169,6092,1205,1451,6241,6230,1307
"304",1,2,1231,1202,6088,6134,6028,1238,1234,1430,6097,NA,NA
"305",1,2,1278,1242,1233,1227,1287,1274,NA,NA,NA,NA,NA
"306",1,2,1271,6025,6006,1215,1216,NA,NA,6244,6039,6255,NA
"307",1,2,1227,1242,1233,1278,1287,1274,NA,6245,NA,NA,NA
"308",1,2,1226,6010,6067,6135,NA,NA,NA,NA,NA,NA,NA
"309",1,2,1272,6026,1282,1289,1345,1270,6074,1292,6087,NA,NA
"310",1,2,1237,1240,6012,6136,6024,6189,6034,NA,NA,NA,NA
"311",1,2,1241,1232,6035,1238,1234,6190,1283,NA,NA,NA,NA
"312",1,2,1234,1238,1231,1202,6088,1232,6035,NA,NA,NA,NA
"313",1,2,1225,1262,6089,6137,1243,1291,1275,6246,NA,NA,NA
"314",1,2,1262,1225,6010,1226,6135,1275,6089,NA,NA,NA,NA
"315",1,2,1217,6027,6090,6137,NA,NA,NA,NA,NA,NA,NA
"316",1,2,1202,6028,1231,6088,6134,NA,NA,NA,NA,NA,NA
"317",1,2,1224,1223,1229,6138,NA,NA,NA,NA,NA,NA,NA
"318",1,2,1221,6029,6091,6093,NA,NA,NA,1256,NA,NA,NA
"319",1,2,1223,1229,1224,1241,1432,NA,NA,1432,NA,NA,NA
"320",1,2,1229,1223,1224,1241,NA,NA,NA,NA,NA,NA,NA
"321",1,2,1233,1242,1287,1227,1274,1278,1252,6247,6228,6303,6236
"322",1,2,1216,6025,1271,1215,6140,1200,NA,6006,1356,NA,NA
"323",1,2,1215,6025,1216,1271,6006,NA,NA,6111,1405,6304,1356
"324",1,2,1345,6030,6026,1210,6073,NA,NA,1436,NA,NA,NA
"325",1,2,1214,6031,6064,6032,6169,6191,6139,NA,NA,NA,NA
"326",1,2,1210,1343,1345,6030,1200,6170,6192,NA,NA,NA,NA
"327",1,2,1343,1210,6092,6139,6030,NA,NA,6248,NA,NA,NA
"328",1,2,1346,6067,1231,1202,6088,6134,1232,6179,NA,NA,NA
"329",1,2,1201,6032,6064,6031,6139,1218,6214,NA,NA,NA,NA
"330",1,2,1204,6033,6093,6136,6091,1240,6215,6033,6093,NA,NA
"331",1,2,1205,NA,NA,NA,NA,NA,NA,6249,6284,NA,NA
"332",1,2,1200,6034,1228,1219,6170,6192,1343,NA,NA,NA,NA
"333",1,2,1222,6034,6094,6140,6169,6050,6210,6250,6021,NA,NA
"334",1,2,1232,6035,1241,1346,NA,NA,NA,6078,NA,NA,NA
"335",1,2,1386,6001,6044,1360,6171,1405,NA,6251,6285,NA,NA
"336",1,2,1393,1399,1366,6141,6043,NA,NA,6252,NA,NA,NA
"337",1,2,1389,1382,6095,1245,6144,NA,NA,NA,NA,NA,NA
"338",1,2,1401,6036,6096,1381,1387,1368,1373,6205,6181,6305,6157
"339",1,2,1395,1378,1347,1399,6172,1362,1402,6253,6286,6306,6316
"340",1,2,1347,1378,1402,1395,6118,1383,1394,6245,6233,NA,NA
"341",1,2,1399,6037,1370,6118,1395,1402,1383,1367,6056,6285,1268
"342",1,2,1381,1373,6038,6097,1368,6036,1401,NA,NA,NA,NA
"343",1,2,1397,1362,1379,1390,6173,6172,6195,NA,NA,NA,NA
"344",1,2,1373,6038,6097,1368,1400,1381,6196,6254,6287,NA,NA
"345",1,2,1405,6039,6098,6142,6174,6156,1371,6255,6288,6307,6244
"346",1,2,1380,6040,6099,6100,6043,6193,1371,6256,6275,6308,6317
"347",1,2,1364,6041,1376,6143,1403,1371,1363,6257,1358,6068,NA
"348",1,2,1363,1360,1364,1366,1361,1377,6117,6128,6167,6309,1197
"349",1,2,1382,1389,6095,6144,NA,6194,6216,6258,NA,NA,NA
"350",1,2,1379,1390,1362,1397,6172,6195,6173,NA,NA,NA,NA
"351",1,2,1390,1362,1379,1397,6172,6173,6195,NA,NA,NA,NA
"352",1,2,1362,1379,1397,1390,6172,6173,6195,6259,NA,NA,NA
"353",1,2,1368,1400,1373,6097,6175,6196,1381,NA,NA,NA,NA
"354",1,2,1372,6042,1370,6037,6144,NA,NA,NA,NA,NA,NA
"355",1,2,1366,6043,6100,1405,6174,6197,1404,1359,6268,NA,NA
"356",1,2,1383,1378,1347,1402,1395,6198,6118,1367,6108,6310,6056
"357",1,2,1360,6044,1386,6001,6117,6095,6019,6260,NA,NA,NA
"358",1,2,1361,6045,1377,6145,6146,6199,6217,6204,6208,6311,6315
"359",1,2,1377,1361,6045,6146,6176,6199,6217,NA,NA,NA,NA
"360",1,2,1351,6046,1358,6066,6178,6110,NA,6046,6046,1358,6066
"361",1,2,1354,6047,6101,6147,6177,6183,6218,6261,6289,6312,6240
"362",1,2,1436,1358,6102,1355,6178,1349,6219,1345,6030,1457,6012
"363",1,2,1357,6048,6103,6148,1444,6152,6220,6262,6290,NA,NA
"364",1,2,1448,6049,6104,1300,6077,6007,6123,6263,6216,NA,NA
"365",1,2,1213,6050,6105,6075,1447,6051,6073,1456,6054,148,6221
"366",1,2,1447,6051,6075,1213,6073,1267,6105,6264,NA,NA,NA
"367",1,2,1442,6055,1356,6149,1358,NA,NA,6265,NA,NA,NA
"368",1,2,1435,6052,6023,6150,6109,6200,6221,NA,NA,NA,NA
"369",1,2,1391,1441,1431,1449,1437,1420,1367,NA,NA,NA,NA
"370",1,2,1441,1437,1449,1391,1431,1420,1367,1458,NA,NA,NA
"371",1,2,1437,1441,1391,1449,1420,1431,1367,NA,NA,NA,NA
"372",1,2,1451,6053,1365,6150,1432,6201,1440,1252,6291,NA,NA
"373",1,2,1420,1449,1391,1437,1441,1431,1452,6231,NA,NA,NA
"374",1,2,1431,1391,1449,1420,1441,1437,1396,NA,NA,NA,NA
"375",1,2,1449,1441,1391,1420,1437,1431,NA,NA,NA,NA,NA
"376",1,2,1453,1430,1413,1352,1452,6202,6154,1239,NA,NA,NA
"377",1,2,1454,6054,1450,6151,148,1349,NA,1254,NA,NA,NA
"378",1,2,1349,1454,1436,1353,6179,6182,1369,1254,NA,NA,NA
"379",1,2,1396,1453,1430,1452,1413,6154,6202,NA,NA,NA,NA
"380",1,2,1355,1358,6106,1436,6102,1353,6219,6255,6244,6156,6039
"381",1,2,1428,6055,1356,6149,1442,1454,1443,1282,6292,NA,NA
"382",1,2,1385,1455,6107,6119,1432,6150,1359,6266,NA,NA,NA
"383",1,2,1413,1453,1452,1430,1396,6154,NA,6194,NA,NA,NA
"384",1,2,1414,6056,6108,1367,NA,NA,NA,1269,NA,NA,NA
"385",1,2,1438,6057,1430,1440,6054,1456,1454,NA,NA,NA,NA
"386",1,2,1367,1414,6108,1437,1441,1391,1420,1383,1399,1378,6118
"387",1,2,1455,1385,1432,1359,6150,6119,6107,6235,NA,NA,NA
"388",1,2,1450,1454,6053,1365,1440,1451,6054,6209,6293,NA,NA
"389",1,2,1443,1359,6056,1456,1367,6059,6222,6245,6195,NA,NA
"390",1,2,1369,1384,1370,6062,6113,6182,6179,NA,NA,NA,NA
"391",1,2,1444,6002,6109,6152,6157,6150,6048,6267,6275,6313,6318
"392",1,2,1353,1398,6110,6106,1349,6153,6203,NA,NA,NA,NA
"393",1,2,1398,6058,1353,6153,6113,6203,6223,1382,6161,1245,6319
"394",1,2,1359,6059,1440,1443,1455,1385,1456,6268,1366,NA,NA
"395",1,2,1356,6055,1428,1440,NA,NA,NA,6039,1405,6314,6244
"396",1,2,1452,1430,1413,1396,6180,1453,6181,6269,NA,NA,NA
"397",1,2,1456,1443,1359,6059,148,6057,6221,1213,NA,NA,NA
"398",1,2,1352,6060,6111,6154,1453,6204,6224,1239,1235,1361,6046
"399",1,2,1430,1453,1452,148,6181,6205,1413,1231,6097,NA,NA
"400",1,2,1433,6061,6112,1451,6053,1365,6150,6270,6294,NA,NA
"401",1,2,1392,6062,1384,1370,6182,6206,6179,6271,NA,NA,NA
"402",1,2,1384,6062,6113,1369,1370,NA,NA,NA,NA,NA,NA
"403",1,2,1295,1305,1309,1301,1310,1245,1249,NA,NA,NA,NA
"404",1,2,1293,1265,6079,6087,1311,1292,NA,6272,NA,NA,NA
"405",1,2,1260,1251,1257,6129,1255,1256,6020,6273,NA,NA,NA
"406",1,2,1251,1260,6114,6023,6086,6129,1256,6232,NA,NA,NA
"407",1,2,1247,1458,1276,1294,6128,6071,6165,NA,NA,NA,NA
"408",1,2,1254,6017,1305,1301,1295,1309,1249,1454,1349,NA,NA
"409",1,2,1235,1239,1217,6091,1278,1287,NA,NA,NA,NA,NA
"410",1,2,1239,1235,1287,1233,1242,1227,1286,1352,1453,6298,NA
"411",1,2,1240,6063,1237,6155,6092,1285,1204,NA,NA,NA,NA
"412",1,2,1238,1231,1234,1202,6088,1346,NA,6274,NA,NA,NA
"413",1,2,1228,6025,1271,6027,1225,1278,6090,NA,NA,NA,NA
"414",1,2,1219,1228,6034,1215,1216,1200,1210,6034,1228,NA,NA
"415",1,2,1344,6064,6031,6015,1277,6125,6191,6275,1444,6313,6109
"416",1,2,1218,1344,6064,6032,NA,NA,NA,6276,NA,NA,NA
"417",1,2,1403,1376,6115,1255,1364,6041,6117,NA,NA,NA,NA
"418",1,2,1394,1402,1378,6118,1347,1395,1383,6056,6295,6299,1370
"419",1,2,1402,1394,1378,1347,1399,1383,6118,6233,6296,6245,6320
"420",1,2,1404,1371,1366,6156,6100,6207,6225,1440,NA,NA,NA
"421",1,2,1387,6065,6116,1401,6117,1376,1371,6277,6058,6181,6205
"422",1,2,1376,1371,6117,6115,1403,1387,6209,NA,NA,NA,NA
"423",1,2,1371,1376,6117,6115,1403,6020,6211,6277,NA,NA,NA
"424",1,2,1378,1402,6118,1347,1394,1383,1395,1367,6056,6108,1414
"425",1,2,1358,6066,6102,6110,6111,6208,6226,1364,6041,6080,NA
"426",1,2,1370,1443,1384,6062,1369,6179,6182,6278,1394,1302,NA
"427",1,2,1432,1455,1385,6112,1451,6062,NA,1223,6111,NA,NA
"428",1,2,1440,1451,6119,6059,1359,6107,6150,NA,NA,NA,NA
"429",1,2,1282,1289,1270,6074,6159,6073,6004,1428,6234,NA,NA
"430",1,2,1243,6067,1226,6010,6135,6089,1200,NA,NA,NA,NA
"431",1,2,1287,1233,1242,1227,1274,1278,1239,6279,6297,6181,NA
"432",1,2,1400,1368,6038,6097,1373,6209,6227,NA,NA,NA,NA
"433",1,2,1445,6068,6120,6157,6048,1358,NA,6068,1358,6157,6048
"434",1,2,1365,1450,6053,1451,6112,6061,1433,NA,NA,NA,NA
"435",2,2,592,7004,7020,7031,7043,7055,7044,7076,7090,7108,7118
"436",2,2,600,7005,7021,7032,7044,7043,7015,7077,7091,7109,7119
"437",2,2,628,614,7022,7033,7006,610,7068,7073,7092,7085,7117
"438",2,2,610,7006,595,7012,614,7056,956,7078,7093,7110,7120
"439",2,2,612,7007,593,7026,7045,7002,7002,7079,7094,7002,7002
"440",2,2,625,7008,7023,7034,7046,7057,7007,7080,7095,7002,7002
"441",2,2,619,7009,7016,7035,7047,7058,7066,7081,7096,7111,7121
"442",2,2,597,7010,616,7036,7048,7059,7069,7082,7097,7112,7002
"443",2,2,629,7011,7024,7037,7049,7060,7012,7074,7098,7113,7002
"444",2,2,956,7012,7011,595,7050,7061,7056,7075,7099,7085,7122
"445",2,2,595,7013,7025,7038,7049,956,7056,7083,7100,7085,7123
"446",2,2,593,7007,7026,612,7051,7062,7070,7084,7002,7002,7002
"447",2,2,617,7014,7027,7039,7052,7063,7002,7002,7002,7002,7002
"448",2,2,616,7015,7028,7040,597,7064,7071,7071,7101,7114,7124
"449",2,2,614,956,599,7041,7053,7042,7072,7085,7102,7084,7002
"450",2,2,599,7000,7029,608,7054,630,7042,7085,7103,7102,7125
"451",2,2,608,7016,599,7042,622,7065,7019,7086,7089,7115,7125
"452",2,2,631,7017,7030,630,7018,7066,7068,7087,7104,7116,7126
"453",2,2,630,7018,631,7017,7030,599,7053,7088,7105,7085,7093
"454",2,2,622,7019,608,7016,7042,7067,7071,7088,7106,7107,7002
"455",NA,NA,1192,NA,NA,NA,NA,NA,NA,NA,NA,NA,NA
"456",NA,NA,1190,NA,NA,NA,NA,NA,NA,NA,NA,NA,NA
"457",NA,NA,1191,NA,NA,NA,NA,NA,NA,NA,NA,NA,NA
"458",NA,NA,538,NA,NA,NA,NA,NA,NA,NA,NA,NA,NA
"459",NA,NA,1266,NA,NA,NA,NA,NA,NA,NA,NA,NA,NA
"460",NA,NA,1244,NA,NA,NA,NA,NA,NA,NA,NA,NA,NA
"461",NA,NA,1263,NA,NA,NA,NA,NA,NA,NA,NA,NA,NA
"462",NA,NA,1290,NA,NA,NA,NA,NA,NA,NA,NA,NA,NA
"463",NA,NA,615,NA,NA,NA,NA,NA,NA,NA,NA,NA,NA
"464",NA,NA,1374,NA,NA,NA,NA,NA,NA,NA,NA,NA,NA
"465",NA,NA,596,NA,NA,NA,NA,NA,NA,NA,NA,NA,NA
"466",NA,NA,602,NA,NA,NA,NA,NA,NA,NA,NA,NA,NA
"467",NA,NA,620,NA,NA,NA,NA,NA,NA,NA,NA,NA,NA
"468",NA,NA,624,NA,NA,NA,NA,NA,NA,NA,NA,NA,NA
"469",NA,NA,1459,NA,NA,NA,NA,NA,NA,NA,NA,NA,NA
"470",NA,NA,1193,NA,NA,NA,NA,NA,NA,NA,NA,NA,NA
"471",NA,NA,1203,NA,NA,NA,NA,NA,NA,NA,NA,NA,NA
